<!--
   Copyright (C) 2011, EclipseSource and others

   All rights reserved. This program and the accompanying materials
   are made available under the terms of the Eclipse Public License v1.0
   which accompanies this distribution, and is available at
   http://www.eclipse.org/legal/epl-v10.html
-->
<assembly>
  <id/>
  <formats>
    <format>war</format>
  </formats>
  <includeBaseDirectory>false</includeBaseDirectory>
  <fileSets>
    <fileSet>
      <directory>${output-directory}</directory>
      <outputDirectory>/WEB-INF</outputDirectory>
    </fileSet>
  </fileSets>
</assembly>
